lemma	pos	date	grouping	identifier	description	context	indexes_target_token	indexes_target_sentence
друг	NN	example	22	22_друг_69725		Весть быстро распространилась по городу, и скоро за Элли и ее друзьями до самого дворца шла большая толпа почтительных зевак.	71:73	0:125
друг	NN	example	22	22_друг_78730		Вот и друзьям в Китае, видимо, стало труднее.	6:13	0:45
друг	NN	example	22	22_друг_39540		От университетских колонн до противоположных зданий вдали-- вся площадь, все ее клумбы, дорожки, скамейки-- все было рассчитано лишь на этих двоих-- на девушку в тунике и ее друга, хозяина этой земли.	174:179	0:200
друг	NN	example	22	22_друг_536		Но мне бы хотелось услышать мнение по данному поводу людей, которые были моими друзьями и коллегами: члена совета директоров телекомпании НТВ Леонида Парфенова, главного редактора канала Татьяны Митковой, журналиста Савика Шустера.	79:87	0:231
друг	NN	example	22	22_друг_52001		По левой стороне стояли вплотную друг к другу вросшие в землю столетние одноэтажные дома, а справа тянулись разной высоты глухие каменные заборы.	33:37	0:145
друг	NN	example	22	22_друг_68409		Боевая песня была верным другом и спутником бойцов Красной армии в годы гражданской войны.	25:31	0:90
друг	NN	example	22	22_друг_68057		«Так же ставил проблему Израиля и его признанный друг В. Соловьев.	49:53	0:66
друг	NN	example	22	22_друг_105286		Граф продиктовал мне тотчас своим лаконическим языком ответы, начинавшиеся словами:«любезный друг», без означения имени и отчества, подписал, и, передав мне эти имена и отчества для написания в адресах, велел мне запечатать письма и отослал куда следовало.	93:97	0:256
друг	NN	example	22	22_друг_23635		Здесь был и мой друг, летчик Илья Мазурук, который«повезет» Марка на полюс, и Ивенс, напоминавший мне:«Так не забудь о женщинах Вьетнама!»-- наказ снять эпизод для его будущего фильма о международном движении женщин в борьбе за мир…	16:20	0:232
друг	NN	example	22	22_друг_9285		Впрочем, сделал он это не по забывчивости и не из-за спешки, а после вполне здравого размышления и совета с друзьями.	108:116	0:117
друг	NN	example	22	22_друг_14592		У Лиды Пугачевой почему-то нелады с Ириной Федоровной— чуть что, готовы вцепиться друг в друга.	82:86	0:95
друг	NN	example	22	22_друг_5179		Таким же скромным, но талантливым актером был мой друг Николай Владимирович Остроухов.	50:54	0:86
друг	NN	example	22	22_друг_92206		Друзья отца моего укрыли меня в его доме, но обо мне узнали, и я была отравлена.	36:40	0:80
друг	NN	example	22	22_друг_92452		-- Да, мой друг,-- говорил он,-- это не так легко, и не одно поколение нужно, чтоб сделаться порядочным человеком и не чувствовать стеснения...	11:15	0:143
друг	NN	example	22	22_друг_64569		Зато, мой друг, ты написал две поэмы и несколько десятков стихотворений.	10:14	0:72
друг	NN	example	22	22_друг_80439		Лишь один Тихиков остался без друзей закадычных.	30:36	0:48
друг	NN	example	22	22_друг_39535		И мы можем уверенно сказать: в минуту испытаний и алтайский парень Павел Колокольников, и друзья, что живут у Заставы Ильича, и мальчишки, подружившиеся на раскаленных от солнца улицах Москвы, выполнят свой долг до конца.	207:211	0:221
друг	NN	example	22	22_друг_16156		Я-- без гнезда, без друзей, без своих и чужих.	20:26	0:46
друг	NN	example	22	22_друг_69041		Алые розы нежно прикасались друг к другу своими атласными лепестками, как пурпуровые губы, ожидающие поцелуя.	28:32	0:109
друг	NN	example	22	22_друг_15837		Интеллигенты, друзья Бродского, молодые и старые, тоже присутствовали, но в меньшинстве.	14:20	0:88
друг	NN	example	22	22_друг_49566		-- У меня друг есть Васька Серов, тоже генерал, но юморной, как ребенок, и просто до невозможности.	10:14	0:99
друг	NN	example	22	22_друг_84774		Нужно отдать полную справедливость моему другу, который обладал одной из величайших добродетелей, именно-- уменьем слушать.	41:46	0:123
друг	NN	example	22	22_друг_107987		-- Напрасно, мой друг, ты так думаешь!..	17:21	0:40
друг	NN	example	22	22_друг_107881		-- Ты уже идешь, друг?-- сказал Валериан таким голосом, который растерзал бы душу самую нечувствительную.	17:21	0:105
друг	NN	example	22	22_друг_97576		Оттого-то, мой друг, я и не люблю литературных и ученых бесед.	15:19	0:62
друг	NN	example	22	22_друг_4464		Друзья Натана, в том числе и я, часто обвиняли его, что он разбрасывается-- много пишет всяких, на наш взгляд, необязательных книжек, в том числе детгизовских, где занимается популяризацией истории; что ему следовало при таком уме и таланте сосредоточиться на главном.	0:6	0:268
друг	NN	example	22	22_друг_84492		Когда мы с сестрицей вошли туда, бабушка, все тетушки и двоюродные наши сестры, повязанные черными платками, а иные и в черных платках на шее, сидели молча друг возле друга; оба дяди также были там; общий вид этой картины произвел на меня тяжелое впечатление.	156:160	0:259
друг	NN	example	22	22_друг_37317		-- Слон, друзья, состоит из частей,-- начал Ваня.	9:15	0:49
друг	NN	example	22	22_друг_62301		Скотину таскали из подворотни-- небывалого мало, и не в том было всё удивленье, что как вышли по Боровой дороге, так тут же почти у села наткнулись на чисто обглоданные коровьи косточки, чёрное овечье волокно висело по кустикам клочьями, словно черти тут дрались, гоняясь по кустам друг за дружкой,-- самое главное то, что лежал вместе с задранной скотиной Нил неподалёку от дороги в приметных своих чунях по высокой портянке, фасонисто замотанной до коленок сыромятным ремнём.	282:286	0:477
друг	NN	example	22	22_друг_33379		А Волошин не проводит резкой грани между внешними и внутренними побуждениями, они у него взаимосвязаны и постоянно воздействуют друг на друга:«Если познание-- разум, то любовь-- безумие.	128:132	0:186
друг	NN	example	22	22_друг_70763		В душных поцелуях, в хмеле тела ищут друг друга.	37:41	0:48
друг	NN	example	22	22_друг_66890		Боевая песня была верным другом и спутником бойцов Красной Армии в годы гражданской войны.	25:31	0:90
друг	NN	example	22	22_друг_22307		Как только начальник экспедиции и капитан доходят до крайней степени ненависти друг к другу, так Гегель может спать спокойно-- толк будет!	79:83	0:138
друг	NN	example	22	22_друг_11965		Я таки частенько о нем пишу, потому что он мне пока единственный хороший друг и такая натура!	73:77	0:93
друг	NN	example	22	22_друг_29935		На церемонии, состоявшейся в торжественной обстановке в городском суде города Бют, невесту представлял Эд Клайн, большой друг нашей семьи(это о нем я писал выше как о создателе вместе с Чалидзе“Хроники-Пресс”).	121:125	0:210
